"","C1","C2","C3","C4","C5","C6","C7","C8","C9","C10","C11","C12","C13","C14","C15"
"L1",57,64,55,67,24,50,63,77,38,98,29,73,37,53,31
"L2",75,67,54,31,22,61,80,27,85,64,80,24,92,90,46
"L3",83,69,88,48,87,83,36,27,28,82,22,80,48,66,71
"L4",55,44,50,98,83,84,89,64,23,27,75,99,89,70,42
"L5",20,36,54,39,98,68,40,72,55,64,45,63,22,49,38
"L6",64,46,57,71,52,39,47,40,53,87,34,78,76,52,92
"L7",32,70,40,37,63,47,60,77,68,78,96,93,78,33,72
"L8",77,57,63,21,72,87,50,72,53,75,89,66,42,75,36
"L9",23,75,30,41,25,41,57,52,48,87,38,86,82,24,89
"L10",34,93,89,62,74,55,37,51,99,37,55,49,38,89,63
"L11",84,89,87,64,49,21,67,81,33,66,59,93,26,42,64
"L12",64,91,63,45,81,98,98,61,91,61,47,43,27,35,84
"L13",71,24,61,20,69,41,83,86,79,72,54,85,32,95,77
"L14",26,32,81,98,20,44,87,54,35,58,81,28,25,37,38
"L15",55,28,64,70,74,81,59,21,21,31,73,22,40,75,47
"L16",71,95,77,38,63,49,93,44,20,42,33,72,99,83,57
"L17",28,28,60,86,62,49,86,56,79,45,52,78,25,84,86
"L18",74,82,91,97,46,51,50,72,77,31,61,60,74,67,28
"L19",44,37,27,55,53,37,27,20,45,99,49,39,26,68,80
"L20",96,20,29,47,73,58,33,98,88,50,68,31,76,74,81
