"Classe","Li","Ls","xi","fi","Fi","fr","Fr"
"20 - 27",20,27,23.5,32,32,0.106666666666667,0.106666666666667
"28 - 35",28,35,31.5,25,57,0.0833333333333333,0.19
"36 - 43",36,43,39.5,31,88,0.103333333333333,0.293333333333333
"44 - 51",44,51,47.5,32,120,0.106666666666667,0.4
"52 - 59",52,59,55.5,29,149,0.0966666666666667,0.496666666666667
"60 - 67",60,67,63.5,33,182,0.11,0.606666666666667
"68 - 75",68,75,71.5,34,216,0.113333333333333,0.72
"76 - 83",76,83,79.5,32,248,0.106666666666667,0.826666666666667
"84 - 91",84,91,87.5,30,278,0.1,0.926666666666667
"92 - 99",92,99,95.5,22,300,0.0733333333333333,1
